{"timestamps": [1628761429.235305, 1628761433.514817, 1628761437.734373, 1628761441.952094, 1628761446.170434], "initial_reset_timestamp": 1628761418.402282, "episode_types": ["t", "t", "t", "t", "t", "t"], "episode_lengths": [1, 1, 1, 1, 1], "episode_rewards": [-200.0, -200.0, -200.0, -200.0, -200.0]}